First Name,Last Name,Street Number,City,Province,Country,Postal Code,Phone Number,Email address
Valentin,Bresser,201,Etobicoke,NS,Canada,T2K 4X5,6923585578,Valentin.Bresser@facebook.com
Laurena,Violett,275,Hamilton,QC,Canada,N6A 1S5,7131487667,Laurena.Violett@aol.com
Hannah,Hagen,408,Fredericton,ON,Canada,V1E 4G9,4328356262,Hannah.Hagen@me.com
Hortencia,Rabuse,276,Swift Current,QC,Canada,J2S 2N3,5769288735,Hortencia.Rabuse@msn.com
Kendra,Warne,683,Edmonton,AB,Canada,S9H 4V2,7917906913,Kendra.Warne@sbcglobal.net
Hollis,Pacholec,312,North York,ON,Canada,V2J 1N4,2888506167,Hollis.Pacholec@comcast.net
Kendra,Hagen,575,London,ON,Canada,N8S 3R1,2311639121,Kendra.Hagen@msn.com
Leanna,Begin,494,Strathroy,ON,Canada,N8S 3R1,9851471328,Leanna.Begin@live.com
Huey,Leko,630,Edmonton,QC,Canada,T2A 2H9,2446445504,Huey.Leko@hotmail.com
Leanna,Nelton,569,Edmonton,ON,Canada,N7G 3K6,5531061348,Leanna.Nelton@yahoo.com
Willard,Pacholec,77,North York,NS,Canada,S0C 2C0,5773066160,Willard.Pacholec@facebook.com
Lourdes,Vielma,692,North York,BC,Canada,L4G 2J7,8431424375,Lourdes.Vielma@me.com
Lyla,Marcille,716,Leduc,NB,Canada,L3Z 2S4,8121894199,Lyla.Marcille@aol.com
Belen,Begin,547,Quesnel,ON,Canada,N8S 3R1,9206103568,Belen.Begin@gmx.com
Hortencia,Randol,405,Calgary,SK,Canada,H7W 5K7,8146130739,Hortencia.Randol@att.net
Elise,Fucillo,590,Swift Current,ON,Canada,V1T 7V8,2687413148,Elise.Fucillo@msn.com
Chandra,Loud,60,Vernon,AB,Canada,E7A 1T3,4685592803,Chandra.Loud@msn.com
Lyla,Edmison,475,LIle-Perrot,ON,Canada,T2K 4X5,8946218513,Lyla.Edmison@mac.com
Lea,Airhart,203,Swift Current,ON,Canada,G9H 1H7,2112721882,Lea.Airhart@hotmail.com
Lauryn,Airhart,365,Strathroy,BC,Canada,K8P 1B3,9425828391,Lauryn.Airhart@mac.com
